{
  "fold_results": [
    {
      "fold": 1,
      "val_loss": 0.5782220363616943,
      "val_acc": 0.7103658536585366,
      "val_f1": 0.7526041666666666,
      "val_precision": 0.6674364896073903,
      "val_recall": 0.8626865671641791,
      "val_f1_class0": 0.6507352941176471,
      "val_precision_class0": 0.7937219730941704,
      "val_recall_class0": 0.5514018691588785,
      "val_f1_class1": 0.7526041666666666,
      "val_precision_class1": 0.6674364896073903,
      "val_recall_class1": 0.8626865671641791,
      "n_estimators": 100,
      "max_depth": 5,
      "learning_rate": 0.1,
      "subsample": 0.8,
      "colsample_bytree": 0.8
    },
    {
      "fold": 2,
      "val_loss": 0.5561473369598389,
      "val_acc": 0.7240853658536586,
      "val_f1": 0.7740324594257179,
      "val_precision": 0.6652360515021459,
      "val_recall": 0.9253731343283582,
      "val_f1_class0": 0.6457925636007827,
      "val_precision_class0": 0.868421052631579,
      "val_recall_class0": 0.514018691588785,
      "val_f1_class1": 0.7740324594257179,
      "val_precision_class1": 0.6652360515021459,
      "val_recall_class1": 0.9253731343283582,
      "n_estimators": 100,
      "max_depth": 5,
      "learning_rate": 0.1,
      "subsample": 0.8,
      "colsample_bytree": 0.8
    },
    {
      "fold": 3,
      "val_loss": 0.5371809005737305,
      "val_acc": 0.7725190839694657,
      "val_f1": 0.7824817518248175,
      "val_precision": 0.7635327635327636,
      "val_recall": 0.8023952095808383,
      "val_f1_class0": 0.7616,
      "val_precision_class0": 0.7828947368421053,
      "val_recall_class0": 0.7414330218068536,
      "val_f1_class1": 0.7824817518248175,
      "val_precision_class1": 0.7635327635327636,
      "val_recall_class1": 0.8023952095808383,
      "n_estimators": 100,
      "max_depth": 5,
      "learning_rate": 0.1,
      "subsample": 0.8,
      "colsample_bytree": 0.8
    },
    {
      "fold": 4,
      "val_loss": 0.6520958542823792,
      "val_acc": 0.5877862595419847,
      "val_f1": 0.7115384615384616,
      "val_precision": 0.553156146179402,
      "val_recall": 0.9970059880239521,
      "val_f1_class0": 0.27807486631016043,
      "val_precision_class0": 0.9811320754716981,
      "val_recall_class0": 0.16199376947040497,
      "val_f1_class1": 0.7115384615384616,
      "val_precision_class1": 0.553156146179402,
      "val_recall_class1": 0.9970059880239521,
      "n_estimators": 100,
      "max_depth": 5,
      "learning_rate": 0.1,
      "subsample": 0.8,
      "colsample_bytree": 0.8
    },
    {
      "fold": 5,
      "val_loss": 0.6278704404830933,
      "val_acc": 0.6137404580152672,
      "val_f1": 0.7204419889502762,
      "val_precision": 0.5709281961471103,
      "val_recall": 0.9760479041916168,
      "val_f1_class0": 0.37530864197530867,
      "val_precision_class0": 0.9047619047619048,
      "val_recall_class0": 0.2367601246105919,
      "val_f1_class1": 0.7204419889502762,
      "val_precision_class1": 0.5709281961471103,
      "val_recall_class1": 0.9760479041916168,
      "n_estimators": 100,
      "max_depth": 5,
      "learning_rate": 0.1,
      "subsample": 0.8,
      "colsample_bytree": 0.8
    }
  ],
  "avg_val_loss": 0.5903033137321472,
  "std_val_loss": 0.04327628882406512,
  "avg_val_acc": 0.6816994042077825,
  "std_val_acc": 0.0697203649006361,
  "avg_val_f1": 0.7482197656811881,
  "std_val_f1": 0.02820115167357603,
  "avg_val_precision": 0.6440579293937625,
  "std_val_precision": 0.07600052368572038,
  "avg_val_recall": 0.9127017606577889,
  "std_val_recall": 0.07204103712996975,
  "avg_val_f1_class0": 0.5423022732007798,
  "std_val_f1_class0": 0.18344614939188544,
  "avg_val_precision_class0": 0.8661863485602916,
  "std_val_precision_class0": 0.07334052886099171,
  "avg_val_recall_class0": 0.44112149532710276,
  "std_val_recall_class0": 0.21323162626353132,
  "avg_val_f1_class1": 0.7482197656811881,
  "std_val_f1_class1": 0.02820115167357603,
  "avg_val_precision_class1": 0.6440579293937625,
  "std_val_precision_class1": 0.07600052368572038,
  "avg_val_recall_class1": 0.9127017606577889,
  "std_val_recall_class1": 0.07204103712996975,
  "best_hyperparameters": {
    "n_estimators": 100,
    "max_depth": 5,
    "learning_rate": 0.1,
    "subsample": 0.8,
    "colsample_bytree": 0.8
  }
}