{
  "fold_results": [
    {
      "fold": 1,
      "val_loss": 0.5666773319244385,
      "val_acc": 0.7378048780487805,
      "val_f1": 0.6861313868613139,
      "val_precision": 0.8826291079812206,
      "val_recall": 0.5611940298507463,
      "val_f1_class0": 0.774869109947644,
      "val_precision_class0": 0.6681715575620768,
      "val_recall_class0": 0.9221183800623053,
      "val_f1_class1": 0.6861313868613139,
      "val_precision_class1": 0.8826291079812206,
      "val_recall_class1": 0.5611940298507463,
      "n_estimators": 100,
      "max_depth": 5,
      "learning_rate": 0.1,
      "subsample": 0.8,
      "colsample_bytree": 0.8
    },
    {
      "fold": 2,
      "val_loss": 0.5208743214607239,
      "val_acc": 0.7926829268292683,
      "val_f1": 0.799410029498525,
      "val_precision": 0.7900874635568513,
      "val_recall": 0.808955223880597,
      "val_f1_class0": 0.7854889589905363,
      "val_precision_class0": 0.7955271565495208,
      "val_recall_class0": 0.7757009345794392,
      "val_f1_class1": 0.799410029498525,
      "val_precision_class1": 0.7900874635568513,
      "val_recall_class1": 0.808955223880597,
      "n_estimators": 100,
      "max_depth": 5,
      "learning_rate": 0.1,
      "subsample": 0.8,
      "colsample_bytree": 0.8
    },
    {
      "fold": 3,
      "val_loss": 0.5658059120178223,
      "val_acc": 0.6824427480916031,
      "val_f1": 0.7535545023696683,
      "val_precision": 0.6235294117647059,
      "val_recall": 0.9520958083832335,
      "val_f1_class0": 0.5536480686695279,
      "val_precision_class0": 0.8896551724137931,
      "val_recall_class0": 0.40186915887850466,
      "val_f1_class1": 0.7535545023696683,
      "val_precision_class1": 0.6235294117647059,
      "val_recall_class1": 0.9520958083832335,
      "n_estimators": 100,
      "max_depth": 5,
      "learning_rate": 0.1,
      "subsample": 0.8,
      "colsample_bytree": 0.8
    },
    {
      "fold": 4,
      "val_loss": 0.5258697271347046,
      "val_acc": 0.7755725190839695,
      "val_f1": 0.8042609853528628,
      "val_precision": 0.7242206235011991,
      "val_recall": 0.9041916167664671,
      "val_f1_class0": 0.7370304114490162,
      "val_precision_class0": 0.865546218487395,
      "val_recall_class0": 0.6417445482866043,
      "val_f1_class1": 0.8042609853528628,
      "val_precision_class1": 0.7242206235011991,
      "val_recall_class1": 0.9041916167664671,
      "n_estimators": 100,
      "max_depth": 5,
      "learning_rate": 0.1,
      "subsample": 0.8,
      "colsample_bytree": 0.8
    },
    {
      "fold": 5,
      "val_loss": 0.6102169752120972,
      "val_acc": 0.6229007633587786,
      "val_f1": 0.7276736493936052,
      "val_precision": 0.5759162303664922,
      "val_recall": 0.9880239520958084,
      "val_f1_class0": 0.3870967741935484,
      "val_precision_class0": 0.9512195121951219,
      "val_recall_class0": 0.24299065420560748,
      "val_f1_class1": 0.7276736493936052,
      "val_precision_class1": 0.5759162303664922,
      "val_recall_class1": 0.9880239520958084,
      "n_estimators": 100,
      "max_depth": 5,
      "learning_rate": 0.1,
      "subsample": 0.8,
      "colsample_bytree": 0.8
    }
  ],
  "avg_val_loss": 0.5578888535499573,
  "std_val_loss": 0.032475989671727795,
  "avg_val_acc": 0.72228076708248,
  "std_val_acc": 0.062451462507990864,
  "avg_val_f1": 0.754206110695195,
  "std_val_f1": 0.04446897541739032,
  "avg_val_precision": 0.7192765674340938,
  "std_val_precision": 0.11085340163135969,
  "avg_val_recall": 0.8428921261953704,
  "std_val_recall": 0.15313513604641255,
  "avg_val_f1_class0": 0.6476266646500546,
  "std_val_f1_class0": 0.1548531448512265,
  "avg_val_precision_class0": 0.8340239234415815,
  "std_val_precision_class0": 0.09675981118152643,
  "avg_val_recall_class0": 0.5968847352024922,
  "std_val_recall_class0": 0.24618556225415136,
  "avg_val_f1_class1": 0.754206110695195,
  "std_val_f1_class1": 0.04446897541739032,
  "avg_val_precision_class1": 0.7192765674340938,
  "std_val_precision_class1": 0.11085340163135969,
  "avg_val_recall_class1": 0.8428921261953704,
  "std_val_recall_class1": 0.15313513604641255,
  "best_hyperparameters": {
    "n_estimators": 100,
    "max_depth": 5,
    "learning_rate": 0.1,
    "subsample": 0.8,
    "colsample_bytree": 0.8
  }
}