{
  "fold_results": [
    {
      "fold": 1,
      "val_loss": 0.5929922461509705,
      "val_acc": 0.6676829268292683,
      "val_f1": 0.7511415525114156,
      "val_precision": 0.6081330868761553,
      "val_recall": 0.982089552238806,
      "val_f1_class0": 0.5,
      "val_precision_class0": 0.9478260869565217,
      "val_recall_class0": 0.3395638629283489,
      "val_f1_class1": 0.7511415525114156,
      "val_precision_class1": 0.6081330868761553,
      "val_recall_class1": 0.982089552238806,
      "n_estimators": 100,
      "max_depth": 5,
      "learning_rate": 0.1,
      "subsample": 0.8,
      "colsample_bytree": 0.8
    },
    {
      "fold": 2,
      "val_loss": 0.5384960770606995,
      "val_acc": 0.7728658536585366,
      "val_f1": 0.790436005625879,
      "val_precision": 0.7473404255319149,
      "val_recall": 0.8388059701492537,
      "val_f1_class0": 0.7520798668885191,
      "val_precision_class0": 0.8071428571428572,
      "val_recall_class0": 0.7040498442367601,
      "val_f1_class1": 0.790436005625879,
      "val_precision_class1": 0.7473404255319149,
      "val_recall_class1": 0.8388059701492537,
      "n_estimators": 100,
      "max_depth": 5,
      "learning_rate": 0.1,
      "subsample": 0.8,
      "colsample_bytree": 0.8
    },
    {
      "fold": 3,
      "val_loss": 0.5451176762580872,
      "val_acc": 0.8,
      "val_f1": 0.7876823338735819,
      "val_precision": 0.8586572438162544,
      "val_recall": 0.7275449101796407,
      "val_f1_class0": 0.810966810966811,
      "val_precision_class0": 0.7553763440860215,
      "val_recall_class0": 0.8753894080996885,
      "val_f1_class1": 0.7876823338735819,
      "val_precision_class1": 0.8586572438162544,
      "val_recall_class1": 0.7275449101796407,
      "n_estimators": 100,
      "max_depth": 5,
      "learning_rate": 0.1,
      "subsample": 0.8,
      "colsample_bytree": 0.8
    },
    {
      "fold": 4,
      "val_loss": 0.5606333613395691,
      "val_acc": 0.7129770992366412,
      "val_f1": 0.765,
      "val_precision": 0.6566523605150214,
      "val_recall": 0.9161676646706587,
      "val_f1_class0": 0.6313725490196078,
      "val_precision_class0": 0.8518518518518519,
      "val_recall_class0": 0.5015576323987538,
      "val_f1_class1": 0.765,
      "val_precision_class1": 0.6566523605150214,
      "val_recall_class1": 0.9161676646706587,
      "n_estimators": 100,
      "max_depth": 5,
      "learning_rate": 0.1,
      "subsample": 0.8,
      "colsample_bytree": 0.8
    },
    {
      "fold": 5,
      "val_loss": 0.563367486000061,
      "val_acc": 0.7007633587786259,
      "val_f1": 0.763855421686747,
      "val_precision": 0.6391129032258065,
      "val_recall": 0.9491017964071856,
      "val_f1_class0": 0.5916666666666667,
      "val_precision_class0": 0.8930817610062893,
      "val_recall_class0": 0.4423676012461059,
      "val_f1_class1": 0.763855421686747,
      "val_precision_class1": 0.6391129032258065,
      "val_recall_class1": 0.9491017964071856,
      "n_estimators": 100,
      "max_depth": 5,
      "learning_rate": 0.1,
      "subsample": 0.8,
      "colsample_bytree": 0.8
    }
  ],
  "avg_val_loss": 0.5601213693618774,
  "std_val_loss": 0.018889457502859943,
  "avg_val_acc": 0.7308578477006143,
  "std_val_acc": 0.048501092452357536,
  "avg_val_f1": 0.7716230627395246,
  "std_val_f1": 0.015069973312537803,
  "avg_val_precision": 0.7019792039930304,
  "std_val_precision": 0.09101586322405204,
  "avg_val_recall": 0.8827419787291089,
  "std_val_recall": 0.09100257708600654,
  "avg_val_f1_class0": 0.657217178708321,
  "std_val_f1_class0": 0.11164222751456399,
  "avg_val_precision_class0": 0.8510557802087083,
  "std_val_precision_class0": 0.06665464480299664,
  "avg_val_recall_class0": 0.5725856697819315,
  "std_val_recall_class0": 0.1924961418009793,
  "avg_val_f1_class1": 0.7716230627395246,
  "std_val_f1_class1": 0.015069973312537803,
  "avg_val_precision_class1": 0.7019792039930304,
  "std_val_precision_class1": 0.09101586322405204,
  "avg_val_recall_class1": 0.8827419787291089,
  "std_val_recall_class1": 0.09100257708600654,
  "best_hyperparameters": {
    "n_estimators": 100,
    "max_depth": 5,
    "learning_rate": 0.1,
    "subsample": 0.8,
    "colsample_bytree": 0.8
  }
}