{
  "fold_results": [
    {
      "fold": 1,
      "val_loss": 0.04897201806306839,
      "val_acc": 0.9954268292682927,
      "val_f1": 0.9955156950672646,
      "val_precision": 0.9970059880239521,
      "val_recall": 0.9940298507462687,
      "val_f1_class0": 0.995334370139969,
      "val_precision_class0": 0.9937888198757764,
      "val_recall_class0": 0.9968847352024922,
      "val_f1_class1": 0.9955156950672646,
      "val_precision_class1": 0.9970059880239521,
      "val_recall_class1": 0.9940298507462687,
      "n_estimators": 100,
      "max_depth": 5,
      "learning_rate": 0.1,
      "subsample": 0.8,
      "colsample_bytree": 0.8
    },
    {
      "fold": 2,
      "val_loss": 0.042924173176288605,
      "val_acc": 0.9969512195121951,
      "val_f1": 0.9970149253731343,
      "val_precision": 0.9970149253731343,
      "val_recall": 0.9970149253731343,
      "val_f1_class0": 0.9968847352024922,
      "val_precision_class0": 0.9968847352024922,
      "val_recall_class0": 0.9968847352024922,
      "val_f1_class1": 0.9970149253731343,
      "val_precision_class1": 0.9970149253731343,
      "val_recall_class1": 0.9970149253731343,
      "n_estimators": 100,
      "max_depth": 5,
      "learning_rate": 0.1,
      "subsample": 0.8,
      "colsample_bytree": 0.8
    },
    {
      "fold": 3,
      "val_loss": 0.05046007037162781,
      "val_acc": 0.9923664122137404,
      "val_f1": 0.992503748125937,
      "val_precision": 0.993993993993994,
      "val_recall": 0.9910179640718563,
      "val_f1_class0": 0.9922239502332815,
      "val_precision_class0": 0.9906832298136646,
      "val_recall_class0": 0.9937694704049844,
      "val_f1_class1": 0.992503748125937,
      "val_precision_class1": 0.993993993993994,
      "val_recall_class1": 0.9910179640718563,
      "n_estimators": 100,
      "max_depth": 5,
      "learning_rate": 0.1,
      "subsample": 0.8,
      "colsample_bytree": 0.8
    },
    {
      "fold": 4,
      "val_loss": 0.04471215233206749,
      "val_acc": 0.9969465648854962,
      "val_f1": 0.9970059880239521,
      "val_precision": 0.9970059880239521,
      "val_recall": 0.9970059880239521,
      "val_f1_class0": 0.9968847352024922,
      "val_precision_class0": 0.9968847352024922,
      "val_recall_class0": 0.9968847352024922,
      "val_f1_class1": 0.9970059880239521,
      "val_precision_class1": 0.9970059880239521,
      "val_recall_class1": 0.9970059880239521,
      "n_estimators": 100,
      "max_depth": 5,
      "learning_rate": 0.1,
      "subsample": 0.8,
      "colsample_bytree": 0.8
    },
    {
      "fold": 5,
      "val_loss": 0.04629862308502197,
      "val_acc": 0.9984732824427481,
      "val_f1": 0.9985007496251874,
      "val_precision": 1.0,
      "val_recall": 0.9970059880239521,
      "val_f1_class0": 0.9984447900466563,
      "val_precision_class0": 0.9968944099378882,
      "val_recall_class0": 1.0,
      "val_f1_class1": 0.9985007496251874,
      "val_precision_class1": 1.0,
      "val_recall_class1": 0.9970059880239521,
      "n_estimators": 100,
      "max_depth": 5,
      "learning_rate": 0.1,
      "subsample": 0.8,
      "colsample_bytree": 0.8
    }
  ],
  "avg_val_loss": 0.046673407405614854,
  "std_val_loss": 0.0027446737303206785,
  "avg_val_acc": 0.9960328616644946,
  "std_val_acc": 0.0020709425452008537,
  "avg_val_f1": 0.9961082212430951,
  "std_val_f1": 0.002034482900037138,
  "avg_val_precision": 0.9970041790830064,
  "std_val_precision": 0.0018992777187180952,
  "avg_val_recall": 0.9952149432478328,
  "std_val_recall": 0.002394773345115467,
  "avg_val_f1_class0": 0.9959545161649783,
  "std_val_f1_class0": 0.0021087333726361062,
  "avg_val_precision_class0": 0.9950271860064628,
  "std_val_precision_class0": 0.0024815724579390266,
  "avg_val_recall_class0": 0.9968847352024923,
  "std_val_recall_class0": 0.00197026645493357,
  "avg_val_f1_class1": 0.9961082212430951,
  "std_val_f1_class1": 0.002034482900037138,
  "avg_val_precision_class1": 0.9970041790830064,
  "std_val_precision_class1": 0.0018992777187180952,
  "avg_val_recall_class1": 0.9952149432478328,
  "std_val_recall_class1": 0.002394773345115467,
  "best_hyperparameters": {
    "n_estimators": 100,
    "max_depth": 5,
    "learning_rate": 0.1,
    "subsample": 0.8,
    "colsample_bytree": 0.8
  }
}