{"learner":{"attributes":{"best_iteration":"13","best_score":"0.6519575529503372","scikit_learn":"{\"_estimator_type\": \"classifier\"}"},"feature_names":[],"feature_types":[],"gradient_booster":{"model":{"cats":{"enc":[],"feature_segments":[],"sorted_idx":[]},"gbtree_model_param":{"num_parallel_tree":"1","num_trees":"14"},"iteration_indptr":[0,1,2,3,4,5,6,7,8,9,10,11,12,13,14],"tree_info":[0,0,0,0,0,0,0,0,0,0,0,0,0,0],"trees":[{"base_weights":[6.267551E-2,7.6189417E-1,-1.0166256E0,1.1816406E0,-2.1931748E-1,1.5876169E-3,-1.3984463E0,7.597481E-2,5.0206617E-3,-4.74433E-2,2.5857208E-2,-7.95059E-2,-2.3747778E-2],"categories":[],"categories_nodes":[],"categories_segments":[],"categories_sizes":[],"default_left":[0,0,0,0,0,0,0,0,0,0,0,0,0],"id":0,"left_children":[1,3,5,7,9,-1,11,-1,-1,-1,-1,-1,-1],"loss_changes":[3.4286438E1,1.19592705E1,7.378067E0,6.720728E0,6.326723E0,0E0,6.217098E-1,0E0,0E0,0E0,0E0,0E0,0E0],"parents":[2147483647,0,0,1,1,2,2,3,3,4,4,6,6],"right_children":[2,4,6,8,10,-1,12,-1,-1,-1,-1,-1,-1],"split_conditions":[8.083826E-1,1.7762569E-1,7.854228E-3,7.077871E-2,1.1468434E-1,1.5876169E-3,2.15666E-1,7.597481E-2,5.0206617E-3,-4.74433E-2,2.5857208E-2,-7.95059E-2,-2.3747778E-2],"split_indices":[744,1725,897,1781,1816,0,118,0,0,0,0,0,0],"split_type":[0,0,0,0,0,0,0,0,0,0,0,0,0],"sum_hessian":[4.1413536E1,2.5545113E1,1.5868422E1,1.7676693E1,7.868421E0,4.656015E0,1.1212406E1,1.2780075E1,4.8966165E0,3.731203E0,4.137218E0,8E0,3.2124062E0],"tree_param":{"num_deleted":"0","num_feature":"1965","num_nodes":"13","size_leaf_vector":"1"}},{"base_weights":[1.0844536E-1,9.029209E-1,-6.8782604E-1,1.4014074E0,-7.923984E-2,-1.2328886E0,1.4552483E-1,1.9685745E-2,8.01745E-2,3.6158912E-2,-4.4685066E-2,-7.813214E-2,-4.404524E-3,-3.3091936E-2,4.3613005E-2],"categories":[],"categories_nodes":[],"categories_segments":[],"categories_sizes":[],"default_left":[0,0,0,0,0,0,0,0,0,0,0,0,0,0,0],"id":1,"left_children":[1,3,5,7,9,11,13,-1,-1,-1,-1,-1,-1,-1,-1],"loss_changes":[2.745505E1,1.0954924E1,1.0346949E1,1.4979038E0,7.266609E0,4.6306133E0,7.2288938E0,0E0,0E0,0E0,0E0,0E0,0E0,0E0,0E0],"parents":[2147483647,0,0,1,1,2,2,3,3,4,4,5,5,6,6],"right_children":[2,4,6,8,10,12,14,-1,-1,-1,-1,-1,-1,-1,-1],"split_conditions":[3.1414185E0,8.5112005E-2,9.5801845E-2,1.043321E-4,5.1897317E-2,5.2447844E-4,4.2547093E-4,1.9685745E-2,8.01745E-2,3.6158912E-2,-4.4685066E-2,-7.813214E-2,-4.404524E-3,-3.3091936E-2,4.3613005E-2],"split_indices":[987,1746,1862,398,235,1256,3,0,0,0,0,0,0,0,0],"split_type":[0,0,0,0,0,0,0,0,0,0,0,0,0,0,0],"sum_hessian":[3.9401657E1,1.9651846E1,1.974981E1,1.2536935E1,7.114911E0,1.1433033E1,8.316777E0,3.1618197E0,9.375114E0,3.6350186E0,3.4798923E0,8.241706E0,3.1913276E0,3.959255E0,4.357522E0],"tree_param":{"num_deleted":"0","num_feature":"1965","num_nodes":"15","size_leaf_vector":"1"}},{"base_weights":[-8.637507E-2,-7.686336E-1,9.0410286E-1,4.9545985E-2,-1.1398951E0,1.3479588E0,-2.255733E-2,-5.693945E-3,-7.518668E-2,2.0057425E-2,7.7417396E-2],"categories":[],"categories_nodes":[],"categories_segments":[],"categories_sizes":[],"default_left":[0,0,0,0,0,0,0,0,0,0,0],"id":2,"left_children":[1,3,5,-1,7,9,-1,-1,-1,-1,-1],"loss_changes":[2.8532236E1,1.8563477E1,1.1682266E1,0E0,7.5472603E0,1.1338844E0,0E0,0E0,0E0,0E0,0E0],"parents":[2147483647,0,0,1,1,2,2,4,4,5,5],"right_children":[2,4,6,-1,8,10,-1,-1,-1,-1,-1],"split_conditions":[2.5852743E-1,1.0101997E-1,3.5044394E-2,4.9545985E-2,1.0181422E0,6.893963E-1,-2.255733E-2,-5.693945E-3,-7.518668E-2,2.0057425E-2,7.7417396E-2],"split_indices":[1918,238,1749,0,425,881,0,0,0,0,0],"split_type":[0,0,0,0,0,0,0,0,0,0,0],"sum_hessian":[3.818565E1,2.293591E1,1.5249741E1,3.3676796E0,1.956823E1,1.1551176E1,3.6985648E0,5.881989E0,1.368624E1,3.153596E0,8.39758E0],"tree_param":{"num_deleted":"0","num_feature":"1965","num_nodes":"11","size_leaf_vector":"1"}},{"base_weights":[-1.1041489E-1,-6.511215E-1,8.6402696E-1,3.9607465E-1,-1.0119351E0,6.769438E-2,-6.304612E-3,5.2203417E-2,-2.1785468E-2,-7.288779E-2,-3.4629352E-2,3.6509383E-2,-4.137701E-2],"categories":[],"categories_nodes":[],"categories_segments":[],"categories_sizes":[],"default_left":[0,0,0,0,0,0,0,0,0,0,0,0,0],"id":3,"left_children":[1,3,5,7,9,-1,-1,-1,-1,-1,11,-1,-1],"loss_changes":[2.3915213E1,1.1839764E1,8.342819E0,5.719615E0,9.439756E0,0E0,0E0,0E0,0E0,0E0,6.7282743E0,0E0,0E0],"parents":[2147483647,0,0,1,1,2,2,3,3,4,4,10,10],"right_children":[2,4,6,8,10,-1,-1,-1,-1,-1,12,-1,-1],"split_conditions":[2.7055883E-1,9.769335E-1,5.2387092E-2,1.0905135E-1,8.8803923E-1,6.769438E-2,-6.304612E-3,5.2203417E-2,-2.1785468E-2,-7.288779E-2,2.6594973E-1,3.6509383E-2,-4.137701E-2],"split_indices":[1918,517,1615,1691,761,0,0,0,0,0,245,0,0],"split_type":[0,0,0,0,0,0,0,0,0,0,0,0,0],"sum_hessian":[4.1294525E1,2.7050653E1,1.4243873E1,6.810834E0,2.0239819E1,9.105256E0,5.1386166E0,3.609038E0,3.201796E0,1.315385E1,7.0859694E0,3.6232185E0,3.462751E0],"tree_param":{"num_deleted":"0","num_feature":"1965","num_nodes":"13","size_leaf_vector":"1"}},{"base_weights":[1.3898468E-2,8.8285714E-1,-4.8697597E-1,-2.2068836E-2,1.2633182E0,2.937238E-2,-7.940726E-1,7.297709E-2,1.9839233E-2,-1.0544708E0,6.5396004E-3,-1.2930624E0,-0E0,-7.4991435E-2,-2.4140796E-2],"categories":[],"categories_nodes":[],"categories_segments":[],"categories_sizes":[],"default_left":[0,0,0,0,0,0,0,0,0,0,0,0,0,0,0],"id":4,"left_children":[1,3,5,-1,7,-1,9,-1,-1,11,-1,13,-1,-1,-1],"loss_changes":[2.0065826E1,9.704764E0,1.0571932E1,0E0,9.845047E-1,0E0,6.0503225E0,0E0,0E0,4.7824936E0,0E0,9.177265E-1,0E0,0E0,0E0],"parents":[2147483647,0,0,1,1,2,2,4,4,6,6,9,9,11,11],"right_children":[2,4,6,-1,8,-1,10,-1,-1,12,-1,14,-1,-1,-1],"split_conditions":[5.9516322E-2,2.6476154E-1,1.0183105E-1,-2.2068836E-2,5.3362228E-2,2.937238E-2,6.9413885E-2,7.297709E-2,1.9839233E-2,5.738597E-4,6.5396004E-3,3.8911835E-3,-0E0,-7.4991435E-2,-2.4140796E-2],"split_indices":[1664,1512,238,0,592,0,1879,0,0,1250,0,1465,0,0,0],"split_type":[0,0,0,0,0,0,0,0,0,0,0,0,0,0,0],"sum_hessian":[4.2036427E1,1.488576E1,2.7150667E1,3.1921377E0,1.1693623E1,5.55705E0,2.1593618E1,8.32448E0,3.3691418E0,1.6715248E1,4.8783693E0,1.3306207E1,3.4090416E0,9.146536E0,4.1596713E0],"tree_param":{"num_deleted":"0","num_feature":"1965","num_nodes":"15","size_leaf_vector":"1"}},{"base_weights":[-2.9746162E-2,6.4036585E-2,-4.353215E-1,-8.424891E-1,4.559203E-1,2.6998827E-2,-1.1289572E0,9.6145207E-1,-2.300941E-2,-1.3595043E0,2.5131844E-3,1.6471952E-2,5.8968674E-2,-1.859877E-2,-7.753837E-2],"categories":[],"categories_nodes":[],"categories_segments":[],"categories_sizes":[],"default_left":[0,0,0,0,0,0,0,0,0,0,0,0,0,0,0],"id":5,"left_children":[1,-1,3,5,7,-1,9,11,-1,13,-1,-1,-1,-1,-1],"loss_changes":[2.475211E1,0E0,1.37379875E1,1.1273575E1,6.6755238E0,0E0,6.1436443E0,2.7102375E-1,0E0,2.0956535E0,0E0,0E0,0E0,0E0,0E0],"parents":[2147483647,0,0,2,2,3,3,4,4,6,6,7,7,9,9],"right_children":[2,-1,4,6,8,-1,10,12,-1,14,-1,-1,-1,-1,-1],"split_conditions":[8.543611E-2,6.4036585E-2,2.7055883E-1,3.469275E-1,1.4804475E0,2.6998827E-2,7.290346E-1,6.648607E-1,-2.300941E-2,8.1483555E-1,2.5131844E-3,1.6471952E-2,5.8968674E-2,-1.859877E-2,-7.753837E-2],"split_indices":[1597,0,1918,58,580,0,1087,724,0,511,0,0,0,0,0],"split_type":[0,0,0,0,0,0,0,0,0,0,0,0,0,0,0],"sum_hessian":[4.2631615E1,8.997401E0,3.3634212E1,2.3238989E1,1.0395223E1,3.6251962E0,1.9613792E1,6.7052584E0,3.6899648E0,1.6221413E1,3.3923805E0,3.1248765E0,3.5803819E0,3.6724339E0,1.2548979E1],"tree_param":{"num_deleted":"0","num_feature":"1965","num_nodes":"15","size_leaf_vector":"1"}},{"base_weights":[-2.5173077E-2,5.5286205E-1,-7.2130203E-1,-2.9734036E-2,9.8633796E-1,-1.0023797E0,2.0589925E-2,1.3075756E0,-1.6314844E-2,-6.338986E-2,-2.9658866E-3,1.8493963E-2,7.404006E-2],"categories":[],"categories_nodes":[],"categories_segments":[],"categories_sizes":[],"default_left":[0,0,0,0,0,0,0,0,0,0,0,0,0],"id":6,"left_children":[1,3,5,-1,7,9,-1,11,-1,-1,-1,-1,-1],"loss_changes":[1.7917326E1,1.3287565E1,7.3271503E0,0E0,8.724926E0,3.937275E0,0E0,1.2000427E0,0E0,0E0,0E0,0E0,0E0],