{
  "fold_results": [
    {
      "fold": 1,
      "val_loss": 0.12329621613025665,
      "val_acc": 0.9649390243902439,
      "val_f1": 0.9655172413793104,
      "val_precision": 0.9698795180722891,
      "val_recall": 0.9611940298507463,
      "val_f1_class0": 0.9643410852713178,
      "val_precision_class0": 0.9598765432098766,
      "val_recall_class0": 0.9688473520249221,
      "val_f1_class1": 0.9655172413793104,
      "val_precision_class1": 0.9698795180722891,
      "val_recall_class1": 0.9611940298507463,
      "n_estimators": 100,
      "max_depth": 5,
      "learning_rate": 0.1,
      "subsample": 0.8,
      "colsample_bytree": 0.8
    },
    {
      "fold": 2,
      "val_loss": 0.10540655255317688,
      "val_acc": 0.975609756097561,
      "val_f1": 0.975975975975976,
      "val_precision": 0.9818731117824774,
      "val_recall": 0.9701492537313433,
      "val_f1_class0": 0.9752321981424149,
      "val_precision_class0": 0.9692307692307692,
      "val_recall_class0": 0.9813084112149533,
      "val_f1_class1": 0.975975975975976,
      "val_precision_class1": 0.9818731117824774,
      "val_recall_class1": 0.9701492537313433,
      "n_estimators": 100,
      "max_depth": 5,
      "learning_rate": 0.1,
      "subsample": 0.8,
      "colsample_bytree": 0.8
    },
    {
      "fold": 3,
      "val_loss": 0.1070316955447197,
      "val_acc": 0.9786259541984733,
      "val_f1": 0.9787234042553191,
      "val_precision": 0.9938271604938271,
      "val_recall": 0.9640718562874252,
      "val_f1_class0": 0.9785276073619632,
      "val_precision_class0": 0.9637462235649547,
      "val_recall_class0": 0.9937694704049844,
      "val_f1_class1": 0.9787234042553191,
      "val_precision_class1": 0.9938271604938271,
      "val_recall_class1": 0.9640718562874252,
      "n_estimators": 100,
      "max_depth": 5,
      "learning_rate": 0.1,
      "subsample": 0.8,
      "colsample_bytree": 0.8
    },
    {
      "fold": 4,
      "val_loss": 0.11522407829761505,
      "val_acc": 0.9694656488549618,
      "val_f1": 0.9697885196374623,
      "val_precision": 0.9786585365853658,
      "val_recall": 0.9610778443113772,
      "val_f1_class0": 0.9691358024691358,
      "val_precision_class0": 0.9602446483180428,
      "val_recall_class0": 0.9781931464174455,
      "val_f1_class1": 0.9697885196374623,
      "val_precision_class1": 0.9786585365853658,
      "val_recall_class1": 0.9610778443113772,
      "n_estimators": 100,
      "max_depth": 5,
      "learning_rate": 0.1,
      "subsample": 0.8,
      "colsample_bytree": 0.8
    },
    {
      "fold": 5,
      "val_loss": 0.11354191601276398,
      "val_acc": 0.9648854961832061,
      "val_f1": 0.965925925925926,
      "val_precision": 0.9560117302052786,
      "val_recall": 0.9760479041916168,
      "val_f1_class0": 0.9637795275590552,
      "val_precision_class0": 0.9745222929936306,
      "val_recall_class0": 0.9532710280373832,
      "val_f1_class1": 0.965925925925926,
      "val_precision_class1": 0.9560117302052786,
      "val_recall_class1": 0.9760479041916168,
      "n_estimators": 100,
      "max_depth": 5,
      "learning_rate": 0.1,
      "subsample": 0.8,
      "colsample_bytree": 0.8
    }
  ],
  "avg_val_loss": 0.11290009170770646,
  "std_val_loss": 0.006395052114002008,
  "avg_val_acc": 0.9707051759448891,
  "std_val_acc": 0.0055757912138597685,
  "avg_val_f1": 0.9711862134347987,
  "std_val_f1": 0.005320009162751974,
  "avg_val_precision": 0.9760500114278475,
  "std_val_precision": 0.012620203110547021,
  "avg_val_recall": 0.9665081776745017,
  "std_val_recall": 0.005795311316945235,
  "avg_val_f1_class0": 0.9702032441607773,
  "std_val_f1_class0": 0.005854124604827798,
  "avg_val_precision_class0": 0.9655240954634546,
  "std_val_precision_class0": 0.005614894946745313,
  "avg_val_recall_class0": 0.9750778816199377,
  "std_val_recall_class0": 0.013507466285781186,
  "avg_val_f1_class1": 0.9711862134347987,
  "std_val_f1_class1": 0.005320009162751974,
  "avg_val_precision_class1": 0.9760500114278475,
  "std_val_precision_class1": 0.012620203110547021,
  "avg_val_recall_class1": 0.9665081776745017,
  "std_val_recall_class1": 0.005795311316945235,
  "best_hyperparameters": {
    "n_estimators": 100,
    "max_depth": 5,
    "learning_rate": 0.1,
    "subsample": 0.8,
    "colsample_bytree": 0.8
  }
}