{
  "fold_results": [
    {
      "fold": 1,
      "val_loss": 0.11898589879274368,
      "val_acc": 0.9725609756097561,
      "val_f1": 0.9731343283582089,
      "val_precision": 0.9731343283582089,
      "val_recall": 0.9731343283582089,
      "val_f1_class0": 0.9719626168224299,
      "val_precision_class0": 0.9719626168224299,
      "val_recall_class0": 0.9719626168224299,
      "val_f1_class1": 0.9731343283582089,
      "val_precision_class1": 0.9731343283582089,
      "val_recall_class1": 0.9731343283582089,
      "n_estimators": 100,
      "max_depth": 5,
      "learning_rate": 0.1,
      "subsample": 0.8,
      "colsample_bytree": 0.8
    },
    {
      "fold": 2,
      "val_loss": 0.12968075275421143,
      "val_acc": 0.9588414634146342,
      "val_f1": 0.9597615499254843,
      "val_precision": 0.9583333333333334,
      "val_recall": 0.9611940298507463,
      "val_f1_class0": 0.9578783151326054,
      "val_precision_class0": 0.959375,
      "val_recall_class0": 0.956386292834891,
      "val_f1_class1": 0.9597615499254843,
      "val_precision_class1": 0.9583333333333334,
      "val_recall_class1": 0.9611940298507463,
      "n_estimators": 100,
      "max_depth": 5,
      "learning_rate": 0.1,
      "subsample": 0.8,
      "colsample_bytree": 0.8
    },
    {
      "fold": 3,
      "val_loss": 0.13913656771183014,
      "val_acc": 0.9694656488549618,
      "val_f1": 0.9696969696969697,
      "val_precision": 0.9815950920245399,
      "val_recall": 0.9580838323353293,
      "val_f1_class0": 0.9692307692307692,
      "val_precision_class0": 0.9574468085106383,
      "val_recall_class0": 0.9813084112149533,
      "val_f1_class1": 0.9696969696969697,
      "val_precision_class1": 0.9815950920245399,
      "val_recall_class1": 0.9580838323353293,
      "n_estimators": 100,
      "max_depth": 5,
      "learning_rate": 0.1,
      "subsample": 0.8,
      "colsample_bytree": 0.8
    },
    {
      "fold": 4,
      "val_loss": 0.13034361600875854,
      "val_acc": 0.9679389312977099,
      "val_f1": 0.9685157421289355,
      "val_precision": 0.96996996996997,
      "val_recall": 0.9670658682634731,
      "val_f1_class0": 0.9673405909797823,
      "val_precision_class0": 0.9658385093167702,
      "val_recall_class0": 0.9688473520249221,
      "val_f1_class1": 0.9685157421289355,
      "val_precision_class1": 0.96996996996997,
      "val_recall_class1": 0.9670658682634731,
      "n_estimators": 100,
      "max_depth": 5,
      "learning_rate": 0.1,
      "subsample": 0.8,
      "colsample_bytree": 0.8
    },
    {
      "fold": 5,
      "val_loss": 0.12103273719549179,
      "val_acc": 0.9801526717557252,
      "val_f1": 0.9807407407407407,
      "val_precision": 0.9706744868035191,
      "val_recall": 0.9910179640718563,
      "val_f1_class0": 0.9795275590551181,
      "val_precision_class0": 0.9904458598726115,
      "val_recall_class0": 0.9688473520249221,
      "val_f1_class1": 0.9807407407407407,
      "val_precision_class1": 0.9706744868035191,
      "val_recall_class1": 0.9910179640718563,
      "n_estimators": 100,
      "max_depth": 5,
      "learning_rate": 0.1,
      "subsample": 0.8,
      "colsample_bytree": 0.8
    }
  ],
  "avg_val_loss": 0.12783591449260712,
  "std_val_loss": 0.007238822521799215,
  "avg_val_acc": 0.9697919381865574,
  "std_val_acc": 0.006906017163762503,
  "avg_val_f1": 0.9703698661700677,
  "std_val_f1": 0.006806235813117219,
  "avg_val_precision": 0.9707414420979141,
  "std_val_precision": 0.007457726687855468,
  "avg_val_recall": 0.9700992045759227,
  "std_val_recall": 0.01165915015232995,
  "avg_val_f1_class0": 0.969187970244141,
  "std_val_f1_class0": 0.007013254609038758,
  "avg_val_precision_class0": 0.96901375890449,
  "std_val_precision_class0": 0.011872766648974244,
  "avg_val_recall_class0": 0.9694704049844237,
  "std_val_recall_class0": 0.007978971012377382,
  "avg_val_f1_class1": 0.9703698661700677,
  "std_val_f1_class1": 0.006806235813117219,
  "avg_val_precision_class1": 0.9707414420979141,
  "std_val_precision_class1": 0.007457726687855468,
  "avg_val_recall_class1": 0.9700992045759227,
  "std_val_recall_class1": 0.01165915015232995,
  "best_hyperparameters": {
    "n_estimators": 100,
    "max_depth": 5,
    "learning_rate": 0.1,
    "subsample": 0.8,
    "colsample_bytree": 0.8
  }
}